{"cameraMode":{"drawMode":0,"name":"Shaded","section":"Shading Mode"},"sceneLighting":false,"audioPlay":false,"sceneViewState":{"m_AlwaysRefresh":false,"showFog":true,"showSkybox":false,"showFlares":true,"showImageEffects":true,"showParticleSystems":true,"showVisualEffectGraphs":true,"m_FxEnabled":true},"in2DMode":false,"pivot":{"x":-35.665000915527347,"y":2.8499999046325685,"z":76.31500244140625},"rotation":{"x":0.04859960079193115,"y":0.5531731843948364,"z":-0.03200206533074379,"w":0.8312771916389465},"size":106.58558654785156,"orthographic":false}