{"cameraMode":{"drawMode":0,"name":"Shaded","section":"Shading Mode"},"sceneLighting":false,"audioPlay":false,"sceneViewState":{"m_AlwaysRefresh":false,"showFog":true,"showSkybox":false,"showFlares":true,"showImageEffects":true,"showParticleSystems":true,"showVisualEffectGraphs":true,"m_FxEnabled":true},"in2DMode":false,"pivot":{"x":0.032863616943359378,"y":-23.203577041625978,"z":0.008753776550292969},"rotation":{"x":0.13304029405117036,"y":-0.6130928993225098,"z":0.10566617548465729,"w":0.7716482877731323},"size":29.64597511291504,"orthographic":false}