{"cameraMode":{"drawMode":0,"name":"Shaded","section":"Shading Mode"},"sceneLighting":false,"audioPlay":false,"sceneViewState":{"m_AlwaysRefresh":false,"showFog":true,"showSkybox":false,"showFlares":true,"showImageEffects":true,"showParticleSystems":true,"showVisualEffectGraphs":true,"m_FxEnabled":true},"in2DMode":false,"pivot":{"x":3.5203726291656496,"y":-0.43830955028533938,"z":3.148576259613037},"rotation":{"x":-0.14844989776611329,"y":-0.18895281851291657,"z":0.028910361230373384,"w":-0.9703596234321594},"size":4.240551948547363,"orthographic":false}