{"cameraMode":{"drawMode":0,"name":"Shaded","section":"Shading Mode"},"sceneLighting":false,"audioPlay":false,"sceneViewState":{"m_AlwaysRefresh":false,"showFog":true,"showSkybox":false,"showFlares":true,"showImageEffects":true,"showParticleSystems":true,"showVisualEffectGraphs":true,"m_FxEnabled":true},"in2DMode":false,"pivot":{"x":-0.6303955316543579,"y":1.3043971061706544,"z":1.1465668678283692},"rotation":{"x":0.0022293415386229755,"y":0.987550675868988,"z":-0.15715067088603974,"w":0.014212474226951599},"size":0.6411746740341187,"orthographic":false}