{"cameraMode":{"drawMode":0,"name":"Shaded","section":"Shading Mode"},"sceneLighting":false,"audioPlay":false,"sceneViewState":{"m_AlwaysRefresh":false,"showFog":true,"showSkybox":false,"showFlares":true,"showImageEffects":true,"showParticleSystems":true,"showVisualEffectGraphs":true,"m_FxEnabled":true},"in2DMode":false,"pivot":{"x":-9.541500091552735,"y":10.171501159667969,"z":2.0865001678466799},"rotation":{"x":-0.14844989776611329,"y":-0.18895281851291657,"z":0.028910361230373384,"w":-0.9703596234321594},"size":22.953718185424806,"orthographic":false}