{"cameraMode":{"drawMode":0,"name":"Shaded","section":"Shading Mode"},"sceneLighting":false,"audioPlay":false,"sceneViewState":{"m_AlwaysRefresh":false,"showFog":true,"showSkybox":false,"showFlares":true,"showImageEffects":true,"showParticleSystems":true,"showVisualEffectGraphs":true,"m_FxEnabled":true},"in2DMode":false,"pivot":{"x":-1.1988043785095215,"y":2.7920093536376955,"z":0.22937026619911195},"rotation":{"x":-0.14577247202396394,"y":0.7027711272239685,"z":0.15066471695899964,"w":0.6799373626708984},"size":4.800017356872559,"orthographic":false}