{"cameraMode":{"drawMode":0,"name":"Shaded","section":"Shading Mode"},"sceneLighting":false,"audioPlay":false,"sceneViewState":{"m_AlwaysRefresh":false,"showFog":true,"showSkybox":false,"showFlares":true,"showImageEffects":true,"showParticleSystems":true,"showVisualEffectGraphs":true,"m_FxEnabled":true},"in2DMode":false,"pivot":{"x":0.05566781759262085,"y":0.23219837248325349,"z":0.39576032757759097},"rotation":{"x":-0.024379851296544076,"y":0.666497528553009,"z":0.02177530527114868,"w":0.7448920607566834},"size":1.8000173568725587,"orthographic":false}