{"cameraMode":{"drawMode":0,"name":"Shaded","section":"Shading Mode"},"sceneLighting":false,"audioPlay":false,"sceneViewState":{"m_AlwaysRefresh":false,"showFog":true,"showSkybox":false,"showFlares":true,"showImageEffects":true,"showParticleSystems":true,"showVisualEffectGraphs":true,"m_FxEnabled":true},"in2DMode":false,"pivot":{"x":4.038262367248535,"y":-0.520275354385376,"z":2.1038575172424318},"rotation":{"x":0.004136474337428808,"y":0.9777299165725708,"z":-0.019371720030903817,"w":0.2093016505241394},"size":6.000018119812012,"orthographic":false}