{"cameraMode":{"drawMode":0,"name":"Shaded","section":"Shading Mode"},"sceneLighting":false,"audioPlay":false,"sceneViewState":{"m_AlwaysRefresh":false,"showFog":true,"showSkybox":false,"showFlares":true,"showImageEffects":true,"showParticleSystems":true,"showVisualEffectGraphs":true,"m_FxEnabled":true},"in2DMode":false,"pivot":{"x":2.6385679244995119,"y":-0.9345579147338867,"z":0.03846168518066406},"rotation":{"x":0.04201589897274971,"y":-0.7828786969184876,"z":0.053161974996328357,"w":0.6185903549194336},"size":21.54078483581543,"orthographic":false}