{"cameraMode":{"drawMode":0,"name":"Shaded","section":"Shading Mode"},"sceneLighting":false,"audioPlay":false,"sceneViewState":{"m_AlwaysRefresh":false,"showFog":true,"showSkybox":false,"showFlares":true,"showImageEffects":true,"showParticleSystems":true,"showVisualEffectGraphs":true,"m_FxEnabled":true},"in2DMode":false,"pivot":{"x":-30.381927490234376,"y":-7.8797760009765629,"z":12.970314025878907},"rotation":{"x":0.04201589897274971,"y":-0.7828786969184876,"z":0.053161974996328357,"w":0.6185903549194336},"size":115.56219482421875,"orthographic":false}