{"cameraMode":{"drawMode":0,"name":"Shaded","section":"Shading Mode"},"sceneLighting":false,"audioPlay":false,"sceneViewState":{"m_AlwaysRefresh":false,"showFog":true,"showSkybox":false,"showFlares":true,"showImageEffects":true,"showParticleSystems":true,"showVisualEffectGraphs":true,"m_FxEnabled":true},"in2DMode":false,"pivot":{"x":-0.42704156041145327,"y":-0.8174230456352234,"z":0.15471941232681275},"rotation":{"x":0.046133123338222507,"y":0.9487685561180115,"z":-0.2659686803817749,"w":0.1647157222032547},"size":2.1000173091888429,"orthographic":false}