{"cameraMode":{"drawMode":0,"name":"Shaded","section":"Shading Mode"},"sceneLighting":false,"audioPlay":false,"sceneViewState":{"m_AlwaysRefresh":false,"showFog":true,"showSkybox":false,"showFlares":true,"showImageEffects":true,"showParticleSystems":true,"showVisualEffectGraphs":true,"m_FxEnabled":true},"in2DMode":false,"pivot":{"x":-4.501920700073242,"y":-6.323731422424316,"z":11.467182159423829},"rotation":{"x":-0.14844989776611329,"y":-0.18895281851291657,"z":0.028910361230373384,"w":-0.9703596234321594},"size":44.394691467285159,"orthographic":false}