{"cameraMode":{"drawMode":0,"name":"Shaded","section":"Shading Mode"},"sceneLighting":false,"audioPlay":false,"sceneViewState":{"m_AlwaysRefresh":false,"showFog":true,"showSkybox":false,"showFlares":true,"showImageEffects":true,"showParticleSystems":true,"showVisualEffectGraphs":true,"m_FxEnabled":true},"in2DMode":false,"pivot":{"x":-0.1320343017578125,"y":-0.10980987548828125,"z":0.6530723571777344},"rotation":{"x":0.04201589897274971,"y":-0.7828786969184876,"z":0.053161974996328357,"w":0.6185903549194336},"size":76.7953109741211,"orthographic":false}