{"cameraMode":{"drawMode":0,"name":"Shaded","section":"Shading Mode"},"sceneLighting":false,"audioPlay":false,"sceneViewState":{"m_AlwaysRefresh":false,"showFog":true,"showSkybox":false,"showFlares":true,"showImageEffects":true,"showParticleSystems":true,"showVisualEffectGraphs":true,"m_FxEnabled":true},"in2DMode":false,"pivot":{"x":6.712127685546875,"y":0.8057985305786133,"z":7.803886413574219},"rotation":{"x":0.04201589897274971,"y":-0.7828786969184876,"z":0.053161974996328357,"w":0.6185903549194336},"size":101.40765380859375,"orthographic":false}