{"cameraMode":{"drawMode":0,"name":"Shaded","section":"Shading Mode"},"sceneLighting":false,"audioPlay":false,"sceneViewState":{"m_AlwaysRefresh":false,"showFog":true,"showSkybox":false,"showFlares":true,"showImageEffects":true,"showParticleSystems":true,"showVisualEffectGraphs":true,"m_FxEnabled":true},"in2DMode":false,"pivot":{"x":-0.2730930745601654,"y":0.6500232815742493,"z":-0.035192400217056277},"rotation":{"x":0.012235893867909909,"y":0.8800352215766907,"z":-0.022722255438566209,"w":0.4743703603744507},"size":2.4459619522094728,"orthographic":false}