{"cameraMode":{"drawMode":0,"name":"Shaded","section":"Shading Mode"},"sceneLighting":false,"audioPlay":false,"sceneViewState":{"m_AlwaysRefresh":false,"showFog":true,"showSkybox":false,"showFlares":true,"showImageEffects":true,"showParticleSystems":true,"showVisualEffectGraphs":true,"m_FxEnabled":true},"in2DMode":false,"pivot":{"x":0.09760093688964844,"y":-3.934039354324341,"z":3.8770291805267336},"rotation":{"x":0.004136474337428808,"y":0.9777299165725708,"z":-0.019371720030903817,"w":0.2093016505241394},"size":6.670408248901367,"orthographic":false}