{"cameraMode":{"drawMode":0,"name":"Shaded","section":"Shading Mode"},"sceneLighting":false,"audioPlay":false,"sceneViewState":{"m_AlwaysRefresh":false,"showFog":true,"showSkybox":false,"showFlares":true,"showImageEffects":true,"showParticleSystems":true,"showVisualEffectGraphs":true,"m_FxEnabled":true},"in2DMode":false,"pivot":{"x":-0.05438697338104248,"y":4.770833492279053,"z":0.006150364875793457},"rotation":{"x":0.04201589897274971,"y":-0.7828786969184876,"z":0.053161974996328357,"w":0.6185903549194336},"size":5.9160475730896,"orthographic":false}